community_id,community_size,dominant_experience_level,entry_accessibility,community_label,defining_skills,defining_responsibility_signals,confidence,level_agreement,access_agreement,label_agreement,overall_agreement,calls_used,top_title_keywords,raw_call_outputs,batch_id
200,50,junior,moderate_entry_barrier,Automotive Technician & Sales,"['automotive', 'service', 'technician']","['leadership', 'sales']",high,1.0,1.0,1.0,1.0,3,"technician, automotive, service, manager, sales, lead, senior, sign, bonus, available, engineer, tech","[{""community_id"": 200, ""dominant_experience_level"": ""junior"", ""entry_accessibility"": ""moderate_entry_barrier"", ""community_label"": ""Automotive Technician & Sales"", ""defining_skills"": [""automotive"", ""service"", ""sales""], ""defining_responsibility_signals"": [""leadership"", ""certification""], ""confidence"": ""high"", ""rep_rank"": 1, ""attempt"": 1, ""raw_output"": ""{\""community_id\"": 200, \""dominant_experience_level\"": \""junior\"", \""entry_accessibility\"": \""moderate_entry_barrier\"", \""community_label\"": \""Automotive Technician & Sales\"", \""defining_skills\"": [\""automotive\"", \""service\"", \""sales\""], \""defining_responsibility_signals\"": [\""leadership\"", \""certification\""] , \""confidence\"": \""high\""}""}, {""community_id"": 200, ""dominant_experience_level"": ""junior"", ""entry_accessibility"": ""moderate_entry_barrier"", ""community_label"": ""Automotive Technician & Sales"", ""defining_skills"": [""technician"", ""automotive"", ""service""], ""defining_responsibility_signals"": [""sales"", ""leadership""], ""confidence"": ""high"", ""rep_rank"": 2, ""attempt"": 1, ""raw_output"": ""{\""community_id\"": 200, \""dominant_experience_level\"": \""junior\"", \""entry_accessibility\"": \""moderate_entry_barrier\"", \""community_label\"": \""Automotive Technician & Sales\"", \""defining_skills\"": [\""technician\"", \""automotive\"", \""service\""], \""defining_responsibility_signals\"": [\""sales\"", \""leadership\""] , \""confidence\"": \""high\""}""}, {""community_id"": 200, ""dominant_experience_level"": ""junior"", ""entry_accessibility"": ""moderate_entry_barrier"", ""community_label"": ""Automotive Technician & Sales"", ""defining_skills"": [""automotive"", ""technician"", ""service""], ""defining_responsibility_signals"": [""sales"", ""leadership""], ""confidence"": ""high"", ""rep_rank"": 3, ""attempt"": 1, ""raw_output"": ""{\""community_id\"": 200, \""dominant_experience_level\"": \""junior\"", \""entry_accessibility\"": \""moderate_entry_barrier\"", \""community_label\"": \""Automotive Technician & Sales\"", \""defining_skills\"": [\""automotive\"", \""technician\"", \""service\""], \""defining_responsibility_signals\"": [\""sales\"", \""leadership\""] , \""confidence\"": \""high\""}""}]",9
201,49,mid,moderate_entry_barrier,Nursing,"['medical', 'surgical', 'icu']","['certification_required', 'leadership_terms_rare']",high,1.0,1.0,1.0,1.0,3,"nurse, lpn, care, registered, travel, home, ltc, licensed, practical, med, surg, lvn","[{""community_id"": 201, ""dominant_experience_level"": ""mid"", ""entry_accessibility"": ""moderate_entry_barrier"", ""community_label"": ""Nursing"", ""defining_skills"": [""medical"", ""surgical"", ""patient_care""], ""defining_responsibility_signals"": [""certification_required"", ""leadership_terms_rare""], ""confidence"": ""high"", ""rep_rank"": 1, ""attempt"": 1, ""raw_output"": ""{\""community_id\"": 201, \""dominant_experience_level\"": \""mid\"", \""entry_accessibility\"": \""moderate_entry_barrier\"", \""community_label\"": \""Nursing\"", \""defining_skills\"": [\""medical\"", \""surgical\"", \""patient_care\""], \""defining_responsibility_signals\"": [\""certification_required\"", \""leadership_terms_rare\""] , \""confidence\"": \""high\""}""}, {""community_id"": 201, ""dominant_experience_level"": ""mid"", ""entry_accessibility"": ""moderate_entry_barrier"", ""community_label"": ""Nursing"", ""defining_skills"": [""medical"", ""surgical"", ""icu""], ""defining_responsibility_signals"": [""care"", ""home_healthcare""], ""confidence"": ""high"", ""rep_rank"": 2, ""attempt"": 1, ""raw_output"": ""{\""community_id\"": 201, \""dominant_experience_level\"": \""mid\"", \""entry_accessibility\"": \""moderate_entry_barrier\"", \""community_label\"": \""Nursing\"", \""defining_skills\"": [\""medical\"", \""surgical\"", \""icu\""], \""defining_responsibility_signals\"": [\""care\"", \""home_healthcare\""] , \""confidence\"": \""high\""}""}, {""community_id"": 201, ""dominant_experience_level"": ""mid"", ""entry_accessibility"": ""moderate_entry_barrier"", ""community_label"": ""Nursing"", ""defining_skills"": [""medical"", ""surgical"", ""icu""], ""defining_responsibility_signals"": [""certification_required"", ""leadership_terms_rare""], ""confidence"": ""high"", ""rep_rank"": 3, ""attempt"": 1, ""raw_output"": ""{\""community_id\"": 201, \""dominant_experience_level\"": \""mid\"", \""entry_accessibility\"": \""moderate_entry_barrier\"", \""community_label\"": \""Nursing\"", \""defining_skills\"": [\""medical\"", \""surgical\"", \""icu\""], \""defining_responsibility_signals\"": [\""certification_required\"", \""leadership_terms_rare\""] , \""confidence\"": \""high\""}""}]",9
202,49,junior,moderate_entry_barrier,Warehouse Production,"['production', 'wood processing', 'forklift operation']","['material handling', 'pallet assembly']",high,1.0,1.0,0.667,0.889,3,"production, material, handler, shift, warehouse, parts, assistant, assembler, 1st, operator, general, manager","[{""community_id"": 202, ""dominant_experience_level"": ""junior"", ""entry_accessibility"": ""moderate_entry_barrier"", ""community_label"": ""Warehouse Production"", ""defining_skills"": [""wood processing"", ""forklift operation"", ""attention to detail""], ""defining_responsibility_signals"": [""material handling"", ""pallet assembly""], ""confidence"": ""high"", ""rep_rank"": 1, ""attempt"": 1, ""raw_output"": ""{\""community_id\"": 202, \""dominant_experience_level\"": \""junior\"", \""entry_accessibility\"": \""moderate_entry_barrier\"", \""community_label\"": \""Warehouse Production\"", \""defining_skills\"": [\""wood processing\"", \""forklift operation\"", \""attention to detail\""], \""defining_responsibility_signals\"": [\""material handling\"", \""pallet assembly\""] , \""confidence\"": \""high\""}""}, {""community_id"": 202, ""dominant_experience_level"": ""junior"", ""entry_accessibility"": ""moderate_entry_barrier"", ""community_label"": ""Warehouse Operations"", ""defining_skills"": [""production"", ""material handling"", ""warehouse operations""], ""defining_responsibility_signals"": [""shift work"", ""parts handling""], ""confidence"": ""high"", ""rep_rank"": 2, ""attempt"": 1, ""raw_output"": ""{\""community_id\"": 202, \""dominant_experience_level\"": \""junior\"", \""entry_accessibility\"": \""moderate_entry_barrier\"", \""community_label\"": \""Warehouse Operations\"", \""defining_skills\"": [\""production\"", \""material handling\"", \""warehouse operations\""], \""defining_responsibility_signals\"": [\""shift work\"", \""parts handling\""] , \""confidence\"": \""high\""}""}, {""community_id"": 202, ""dominant_experience_level"": ""junior"", ""entry_accessibility"": ""moderate_entry_barrier"", ""community_label"": ""Warehouse Production"", ""defining_skills"": [""production"", ""warehouse"", ""parts""], ""defining_responsibility_signals"": [""shift"", ""assistant""], ""confidence"": ""high"", ""rep_rank"": 3, ""attempt"": 1, ""raw_output"": ""{\""community_id\"": 202, \""dominant_experience_level\"": \""junior\"", \""entry_accessibility\"": \""moderate_entry_barrier\"", \""community_label\"": \""Warehouse Production\"", \""defining_skills\"": [\""production\"", \""warehouse\"", \""parts\""], \""defining_responsibility_signals\"": [\""shift\"", \""assistant\""] , \""confidence\"": \""high\""}""}]",9
203,49,mid,moderate_entry_barrier,Customer Service & Support,"['customer service', 'Customer Service', 'Collections']","['Handle Customer Inquiries', 'Problem Solving']",high,1.0,1.0,0.333,0.778,3,"customer, representative, service, care, account, experience, support, manager, specialist, banker, client, collections","[{""community_id"": 203, ""dominant_experience_level"": ""mid"", ""entry_accessibility"": ""moderate_entry_barrier"", ""community_label"": ""Customer Service & Support"", ""defining_skills"": [""Customer Service"", ""Collections"", ""Relationship Building""], ""defining_responsibility_signals"": [""Handle Customer Inquiries"", ""Problem Solving""], ""confidence"": ""high"", ""rep_rank"": 1, ""attempt"": 1, ""raw_output"": ""{\""community_id\"": 203, \""dominant_experience_level\"": \""mid\"", \""entry_accessibility\"": \""moderate_entry_barrier\"", \""community_label\"": \""Customer Service & Support\"", \""defining_skills\"": [\""Customer Service\"", \""Collections\"", \""Relationship Building\""], \""defining_responsibility_signals\"": [\""Handle Customer Inquiries\"", \""Problem Solving\""] , \""confidence\"": \""high\""}""}, {""community_id"": 203, ""dominant_experience_level"": ""mid"", ""entry_accessibility"": ""moderate_entry_barrier"", ""community_label"": ""Customer Support Specialist"", ""defining_skills"": [""customer service"", ""account management"", ""email support""], ""defining_responsibility_signals"": [""handle customer requests"", ""process inquiries""], ""confidence"": ""high"", ""rep_rank"": 2, ""attempt"": 1, ""raw_output"": ""{\""community_id\"": 203, \""dominant_experience_level\"": \""mid\"", \""entry_accessibility\"": \""moderate_entry_barrier\"", \""community_label\"": \""Customer Support Specialist\"", \""defining_skills\"": [\""customer service\"", \""account management\"", \""email support\""], \""defining_responsibility_signals\"": [\""handle customer requests\"", \""process inquiries\""] , \""confidence\"": \""high\""}""}, {""community_id"": 203, ""dominant_experience_level"": ""mid"", ""entry_accessibility"": ""moderate_entry_barrier"", ""community_label"": ""Customer Service"", ""defining_skills"": [""customer service"", ""inbound calls"", ""policy change requests""], ""defining_responsibility_signals"": [""handle large volume of calls"", ""process policy change requests""], ""confidence"": ""high"", ""rep_rank"": 3, ""attempt"": 1, ""raw_output"": ""{\""community_id\"": 203, \""dominant_experience_level\"": \""mid\"", \""entry_accessibility\"": \""moderate_entry_barrier\"", \""community_label\"": \""Customer Service\"", \""defining_skills\"": [\""customer service\"", \""inbound calls\"", \""policy change requests\""], \""defining_responsibility_signals\"": [\""handle large volume of calls\"", \""process policy change requests\""] , \""confidence\"": \""high\""}""}]",9
204,49,senior,moderate_entry_barrier,Senior Program Management,"['project management', 'program management', 'cost savings initiatives']","['drive initiatives', 'partners and supports internal business units']",high,1.0,1.0,0.333,0.778,3,"manager, project, senior, management, program, implementation, coordinator, human, resources, generalist, technical, lead","[{""community_id"": 204, ""dominant_experience_level"": ""senior"", ""entry_accessibility"": ""moderate_entry_barrier"", ""community_label"": ""Senior Program Management"", ""defining_skills"": [""program management"", ""project management"", ""cost savings initiatives""], ""defining_responsibility_signals"": [""drive initiatives"", ""partners and supports internal business units""], ""confidence"": ""high"", ""rep_rank"": 1, ""attempt"": 1, ""raw_output"": ""{\""community_id\"": 204, \""dominant_experience_level\"": \""senior\"", \""entry_accessibility\"": \""moderate_entry_barrier\"", \""community_label\"": \""Senior Program Management\"", \""defining_skills\"": [\""program management\"", \""project management\"", \""cost savings initiatives\""], \""defining_responsibility_signals\"": [\""drive initiatives\"", \""partners and supports internal business units\""] , \""confidence\"": \""high\""}""}, {""community_id"": 204, ""dominant_experience_level"": ""senior"", ""entry_accessibility"": ""moderate_entry_barrier"", ""community_label"": ""Senior Healthcare Project Management"", ""defining_skills"": [""implementation"", ""project management"", ""healthcare IT""], ""defining_responsibility_signals"": [""leadership"", ""on-site client management""], ""confidence"": ""high"", ""rep_rank"": 2, ""attempt"": 1, ""raw_output"": ""{\""community_id\"": 204, \""dominant_experience_level\"": \""senior\"", \""entry_accessibility\"": \""moderate_entry_barrier\"", \""community_label\"": \""Senior Healthcare Project Management\"", \""defining_skills\"": [\""implementation\"", \""project management\"", \""healthcare IT\""], \""defining_responsibility_signals\"": [\""leadership\"", \""on-site client management\""] , \""confidence\"": \""high\""}""}, {""community_id"": 204, ""dominant_experience_level"": ""senior"", ""entry_accessibility"": ""moderate_entry_barrier"", ""community_label"": ""Senior Project Management"", ""defining_skills"": [""project management"", ""strategic planning"", ""cross-functional team leadership""], ""defining_responsibility_signals"": [""own strategic and tactical projects"", ""develop project plans""], ""confidence"": ""high"", ""rep_rank"": 3, ""attempt"": 1, ""raw_output"": ""{\""community_id\"": 204, \""dominant_experience_level\"": \""senior\"", \""entry_accessibility\"": \""moderate_entry_barrier\"", \""community_label\"": \""Senior Project Management\"", \""defining_skills\"": [\""project management\"", \""strategic planning\"", \""cross-functional team leadership\""], \""defining_responsibility_signals\"": [\""own strategic and tactical projects\"", \""develop project plans\""] , \""confidence\"": \""high\""}""}]",9
205,49,mid,moderate_entry_barrier,Apartment Maintenance Supervisor,"['maintenance', 'operations', 'managerial']","['oversees', 'performs']",high,1.0,1.0,0.333,0.778,3,"manager, maintenance, facilities, supervisor, coordinator, apartment, facility, regional, operations, services, director, lease","[{""community_id"": 205, ""dominant_experience_level"": ""mid"", ""entry_accessibility"": ""moderate_entry_barrier"", ""community_label"": ""Apartment Maintenance Supervisor"", ""defining_skills"": [""maintenance"", ""facilities"", ""operations""], ""defining_responsibility_signals"": [""oversees"", ""performs""], ""confidence"": ""high"", ""rep_rank"": 1, ""attempt"": 1, ""raw_output"": ""{\""community_id\"": 205, \""dominant_experience_level\"": \""mid\"", \""entry_accessibility\"": \""moderate_entry_barrier\"", \""community_label\"": \""Apartment Maintenance Supervisor\"", \""defining_skills\"": [\""maintenance\"", \""facilities\"", \""operations\""], \""defining_responsibility_signals\"": [\""oversees\"", \""performs\""] , \""confidence\"": \""high\""}""}, {""community_id"": 205, ""dominant_experience_level"": ""mid"", ""entry_accessibility"": ""moderate_entry_barrier"", ""community_label"": ""Facility Management"", ""defining_skills"": [""managerial"", ""maintenance"", ""coordination""], ""defining_responsibility_signals"": [""oversee subcontractors"", ""liaison between tenants and management""], ""confidence"": ""high"", ""rep_rank"": 2, ""attempt"": 1, ""raw_output"": ""{\""community_id\"": 205, \""dominant_experience_level\"": \""mid\"", \""entry_accessibility\"": \""moderate_entry_barrier\"", \""community_label\"": \""Facility Management\"", \""defining_skills\"": [\""managerial\"", \""maintenance\"", \""coordination\""], \""defining_responsibility_signals\"": [\""oversee subcontractors\"", \""liaison between tenants and management\""] , \""confidence\"": \""high\""}""}, {""community_id"": 205, ""dominant_experience_level"": ""mid"", ""entry_accessibility"": ""moderate_entry_barrier"", ""community_label"": ""Facilities Management"", ""defining_skills"": [""managerial"", ""supervisory"", ""operations""], ""defining_responsibility_signals"": [""day-to-day operations"", ""facilities maintenance""], ""confidence"": ""high"", ""rep_rank"": 3, ""attempt"": 1, ""raw_output"": ""{\""community_id\"": 205, \""dominant_experience_level\"": \""mid\"", \""entry_accessibility\"": \""moderate_entry_barrier\"", \""community_label\"": \""Facilities Management\"", \""defining_skills\"": [\""managerial\"", \""supervisory\"", \""operations\""], \""defining_responsibility_signals\"": [\""day-to-day operations\"", \""facilities maintenance\""] , \""confidence\"": \""high\""}""}]",9
206,49,mid,moderate_entry_barrier,Data & Business Intelligence,"['SQL', 'Excel', 'Power Pivot']","['data consolidation', 'reporting']",high,1.0,1.0,0.667,0.889,3,"data, developer, engineer, power, business, product, intelligence, architect, analyst, manager, senior, databricks","[{""community_id"": 206, ""dominant_experience_level"": ""mid"", ""entry_accessibility"": ""moderate_entry_barrier"", ""community_label"": ""Data & Business Intelligence"", ""defining_skills"": [""SQL"", ""Excel"", ""Power Pivot""], ""defining_responsibility_signals"": [""data consolidation"", ""reporting""], ""confidence"": ""high"", ""rep_rank"": 1, ""attempt"": 1, ""raw_output"": ""{\""community_id\"": 206, \""dominant_experience_level\"": \""mid\"", \""entry_accessibility\"": \""moderate_entry_barrier\"", \""community_label\"": \""Data & Business Intelligence\"", \""defining_skills\"": [\""SQL\"", \""Excel\"", \""Power Pivot\""], \""defining_responsibility_signals\"": [\""data consolidation\"", \""reporting\""] , \""confidence\"": \""high\""}""}, {""community_id"": 206, ""dominant_experience_level"": ""mid"", ""entry_accessibility"": ""moderate_entry_barrier"", ""community_label"": ""Data & Business Intelligence"", ""defining_skills"": [""Power BI"", ""Data Warehousing"", ""Reporting""], ""defining_responsibility_signals"": [""Assist users"", ""Work with global team""], ""confidence"": ""high"", ""rep_rank"": 2, ""attempt"": 1, ""raw_output"": ""{\""community_id\"": 206, \""dominant_experience_level\"": \""mid\"", \""entry_accessibility\"": \""moderate_entry_barrier\"", \""community_label\"": \""Data & Business Intelligence\"", \""defining_skills\"": [\""Power BI\"", \""Data Warehousing\"", \""Reporting\""], \""defining_responsibility_signals\"": [\""Assist users\"", \""Work with global team\""] , \""confidence\"": \""high\""}""}, {""community_id"": 206, ""dominant_experience_level"": ""mid"", ""entry_accessibility"": ""moderate_entry_barrier"", ""community_label"": ""Data & Product"", ""defining_skills"": [""Data"", ""Product"", ""Business Intelligence""], ""defining_responsibility_signals"": [""Technical Product Owner"", ""Life Insurance Solutions""], ""confidence"": ""high"", ""rep_rank"": 3, ""attempt"": 1, ""raw_output"": ""{\""community_id\"": 206, \""dominant_experience_level\"": \""mid\"", \""entry_accessibility\"": \""moderate_entry_barrier\"", \""community_label\"": \""Data & Product\"", \""defining_skills\"": [\""Data\"", \""Product\"", \""Business Intelligence\""], \""defining_responsibility_signals\"": [\""Technical Product Owner\"", \""Life Insurance Solutions\""] , \""confidence\"": \""high\""}""}]",9
207,49,junior,moderate_entry_barrier,Dialysis Patient Care Technician,"['patient care', 'dialysis experience', 'clinical skills']","['provide exceptional patient care', ""make a difference in patients' lives""]",high,1.0,1.0,0.333,0.778,3,"nurse, registered, care, patient, technician, dialysis, clinical, coordinator, manager, licensed, social, worker","[{""community_id"": 207, ""dominant_experience_level"": ""junior"", ""entry_accessibility"": ""moderate_entry_barrier"", ""community_label"": ""Dialysis Patient Care Technician"", ""defining_skills"": [""patient care"", ""dialysis experience"", ""clinical skills""], ""defining_responsibility_signals"": [""provide exceptional patient care"", ""make a difference in patients' lives""], ""confidence"": ""high"", ""rep_rank"": 1, ""attempt"": 1, ""raw_output"": ""{\""community_id\"": 207, \""dominant_experience_level\"": \""junior\"", \""entry_accessibility\"": \""moderate_entry_barrier\"", \""community_label\"": \""Dialysis Patient Care Technician\"", \""defining_skills\"": [\""patient care\"", \""dialysis experience\"", \""clinical skills\""], \""defining_responsibility_signals\"": [\""provide exceptional patient care\"", \""make a difference in patients' lives\""] , \""confidence\"": \""high\""}""}, {""community_id"": 207, ""dominant_experience_level"": ""junior"", ""entry_accessibility"": ""moderate_entry_barrier"", ""community_label"": ""Dialysis Technician"", ""defining_skills"": [""patient_care"", ""dialysis_technique"", ""clinical_setting""], ""defining_responsibility_signals"": [""train_new_staff"", ""provide_patient_care""], ""confidence"": ""high"", ""rep_rank"": 2, ""attempt"": 1, ""raw_output"": ""{\""community_id\"": 207, \""dominant_experience_level\"": \""junior\"", \""entry_accessibility\"": \""moderate_entry_barrier\"", \""community_label\"": \""Dialysis Technician\"", \""defining_skills\"": [\""patient_care\"", \""dialysis_technique\"", \""clinical_setting\""], \""defining_responsibility_signals\"": [\""train_new_staff\"", \""provide_patient_care\""] , \""confidence\"": \""high\""}""}, {""community_id"": 207, ""dominant_experience_level"": ""junior"", ""entry_accessibility"": ""moderate_entry_barrier"", ""community_label"": ""Dialysis Nurse"", ""defining_skills"": [""clinical care"", ""patient management"", ""dialysis treatment""], ""defining_responsibility_signals"": [""leadership"", ""certification""], ""confidence"": ""high"", ""rep_rank"": 3, ""attempt"": 1, ""raw_output"": ""{\""community_id\"": 207, \""dominant_experience_level\"": \""junior\"", \""entry_accessibility\"": \""moderate_entry_barrier\"", \""community_label\"": \""Dialysis Nurse\"", \""defining_skills\"": [\""clinical care\"", \""patient management\"", \""dialysis treatment\""], \""defining_responsibility_signals\"": [\""leadership\"", \""certification\""] , \""confidence\"": \""high\""}""}]",9
208,49,mid,moderate_entry_barrier,Structural Engineer,"['construction management', 'structural design', 'bridge engineering']","['leadership', 'certification']",high,1.0,1.0,0.667,0.889,3,"engineer, structural, bridge, senior, project, inspector, engineering, construction, design, building, manager, iii","[{""community_id"": 208, ""dominant_experience_level"": ""mid"", ""entry_accessibility"": ""moderate_entry_barrier"", ""community_label"": ""Structural Engineering"", ""defining_skills"": [""structural design"", ""bridge engineering"", ""construction management""], ""defining_responsibility_signals"": [""leadership"", ""certification""], ""confidence"": ""high"", ""rep_rank"": 1, ""attempt"": 1, ""raw_output"": ""{\""community_id\"": 208, \""dominant_experience_level\"": \""mid\"", \""entry_accessibility\"": \""moderate_entry_barrier\"", \""community_label\"": \""Structural Engineering\"", \""defining_skills\"": [\""structural design\"", \""bridge engineering\"", \""construction management\""], \""defining_responsibility_signals\"": [\""leadership\"", \""certification\""] , \""confidence\"": \""high\""}""}, {""community_id"": 208, ""dominant_experience_level"": ""mid"", ""entry_accessibility"": ""moderate_entry_barrier"", ""community_label"": ""Structural Engineer"", ""defining_skills"": [""structural design"", ""bridge engineering"", ""construction management""], ""defining_responsibility_signals"": [""leadership"", ""project management""], ""confidence"": ""high"", ""rep_rank"": 2, ""attempt"": 1, ""raw_output"": ""{\""community_id\"": 208, \""dominant_experience_level\"": \""mid\"", \""entry_accessibility\"": \""moderate_entry_barrier\"", \""community_label\"": \""Structural Engineer\"", \""defining_skills\"": [\""structural design\"", \""bridge engineering\"", \""construction management\""], \""defining_responsibility_signals\"": [\""leadership\"", \""project management\""] , \""confidence\"": \""high\""}""}, {""community_id"": 208, ""dominant_experience_level"": ""mid"", ""entry_accessibility"": ""moderate_entry_barrier"", ""community_label"": ""Structural Engineer"", ""defining_skills"": [""structural engineering"", ""bridge design"", ""construction management""], ""defining_responsibility_signals"": [""leadership"", ""career growth""], ""confidence"": ""high"", ""rep_rank"": 3, ""attempt"": 1, ""raw_output"": ""{\""community_id\"": 208, \""dominant_experience_level\"": \""mid\"", \""entry_accessibility\"": \""moderate_entry_barrier\"", \""community_label\"": \""Structural Engineer\"", \""defining_skills\"": [\""structural engineering\"", \""bridge design\"", \""construction management\""], \""defining_responsibility_signals\"": [\""leadership\"", \""career growth\""] , \""confidence\"": \""high\""}""}]",9
209,48,mid,moderate_entry_barrier,Executive Assistant,"['administrative', 'calendar management', 'scheduling meetings']","['hybrid role', 'contract position']",high,1.0,1.0,1.0,1.0,3,"assistant, executive, senior, business, consultant, execution, administrative, lead, external, audit, tax, office","[{""community_id"": 209, ""dominant_experience_level"": ""mid"", ""entry_accessibility"": ""moderate_entry_barrier"", ""community_label"": ""Executive Assistant"", ""defining_skills"": [""calendar management"", ""scheduling meetings"", ""time zone management""], ""defining_responsibility_signals"": [""hybrid role"", ""contract position""], ""confidence"": ""high"", ""rep_rank"": 1, ""attempt"": 1, ""raw_output"": ""{\""community_id\"": 209, \""dominant_experience_level\"": \""mid\"", \""entry_accessibility\"": \""moderate_entry_barrier\"", \""community_label\"": \""Executive Assistant\"", \""defining_skills\"": [\""calendar management\"", \""scheduling meetings\"", \""time zone management\""], \""defining_responsibility_signals\"": [\""hybrid role\"", \""contract position\""] , \""confidence\"": \""high\""}""}, {""community_id"": 209, ""dominant_experience_level"": ""mid"", ""entry_accessibility"": ""moderate_entry_barrier"", ""community_label"": ""Executive Assistant"", ""defining_skills"": [""administrative"", ""communication"", ""organization""], ""defining_responsibility_signals"": [""meeting_scheduling"", ""email_management""], ""confidence"": ""high"", ""rep_rank"": 2, ""attempt"": 1, ""raw_output"": ""{\""community_id\"": 209, \""dominant_experience_level\"": \""mid\"", \""entry_accessibility\"": \""moderate_entry_barrier\"", \""community_label\"": \""Executive Assistant\"", \""defining_skills\"": [\""administrative\"", \""communication\"", \""organization\""], \""defining_responsibility_signals\"": [\""meeting_scheduling\"", \""email_management\""] , \""confidence\"": \""high\""}""}, {""community_id"": 209, ""dominant_experience_level"": ""mid"", ""entry_accessibility"": ""moderate_entry_barrier"", ""community_label"": ""Executive Assistant"", ""defining_skills"": [""administrative"", ""back-office"", ""front-office""], ""defining_responsibility_signals"": [""provide crucial support"", ""exceptional attention""], ""confidence"": ""high"", ""rep_rank"": 3, ""attempt"": 1, ""raw_output"": ""{\""community_id\"": 209, \""dominant_experience_level\"": \""mid\"", \""entry_accessibility\"": \""moderate_entry_barrier\"", \""community_label\"": \""Executive Assistant\"", \""defining_skills\"": [\""administrative\"", \""back-office\"", \""front-office\""], \""defining_responsibility_signals\"": [\""provide crucial support\"", \""exceptional attention\""] , \""confidence\"": \""high\""}""}]",9
210,48,senior,moderate_entry_barrier,Sales Management,"['sales', 'business development', 'market strategy']","['leadership', 'team management']",high,1.0,1.0,0.667,0.889,3,"sales, director, manager, operations, senior, development, regional, representative, business, specialist, market, program","[{""community_id"": 210, ""dominant_experience_level"": ""senior"", ""entry_accessibility"": ""moderate_entry_barrier"", ""community_label"": ""Sales Management"", ""defining_skills"": [""sales"", ""business development"", ""market strategy""], ""defining_responsibility_signals"": [""leadership"", ""team management""], ""confidence"": ""high"", ""rep_rank"": 1, ""attempt"": 1, ""raw_output"": ""{\""community_id\"": 210, \""dominant_experience_level\"": \""senior\"", \""entry_accessibility\"": \""moderate_entry_barrier\"", \""community_label\"": \""Sales Management\"", \""defining_skills\"": [\""sales\"", \""business development\"", \""market strategy\""], \""defining_responsibility_signals\"": [\""leadership\"", \""team management\""] , \""confidence\"": \""high\""}""}, {""community_id"": 210, ""dominant_experience_level"": ""senior"", ""entry_accessibility"": ""moderate_entry_barrier"", ""community_label"": ""Sales Management"", ""defining_skills"": [""sales"", ""business development"", ""operations management""], ""defining_responsibility_signals"": [""leadership"", ""team management""], ""confidence"": ""high"", ""rep_rank"": 2, ""attempt"": 1, ""raw_output"": ""{\""community_id\"": 210, \""dominant_experience_level\"": \""senior\"", \""entry_accessibility\"": \""moderate_entry_barrier\"", \""community_label\"": \""Sales Management\"", \""defining_skills\"": [\""sales\"", \""business development\"", \""operations management\""], \""defining_responsibility_signals\"": [\""leadership\"", \""team management\""] , \""confidence\"": \""high\""}""}, {""community_id"": 210, ""dominant_experience_level"": ""senior"", ""entry_accessibility"": ""moderate_entry_barrier"", ""community_label"": ""Sales & Business Development"", ""defining_skills"": [""sales"", ""business development"", ""new business development""], ""defining_responsibility_signals"": [""account management"", ""multinational account sales""], ""confidence"": ""high"", ""rep_rank"": 3, ""attempt"": 1, ""raw_output"": ""{\""community_id\"": 210, \""dominant_experience_level\"": \""senior\"", \""entry_accessibility\"": \""moderate_entry_barrier\"", \""community_label\"": \""Sales & Business Development\"", \""defining_skills\"": [\""sales\"", \""business development\"", \""new business development\""], \""defining_responsibility_signals\"": [\""account management\"", \""multinational account sales\""] , \""confidence\"": \""high\""}""}]",9
211,48,mid,moderate_entry_barrier,Ecommerce Marketing,"['ecommerce', 'account management', 'marketing']","['leadership', 'bachelor_degree']",high,1.0,1.0,0.667,0.889,3,"manager, account, marketing, ecommerce, business, executive, sales, director, senior, field, key, digital","[{""community_id"": 211, ""dominant_experience_level"": ""mid"", ""entry_accessibility"": ""moderate_entry_barrier"", ""community_label"": ""Ecommerce Marketing & Sales"", ""defining_skills"": [""account management"", ""marketing"", ""ecommerce""], ""defining_responsibility_signals"": [""leadership"", ""bachelor_degree""], ""confidence"": ""high"", ""rep_rank"": 1, ""attempt"": 1, ""raw_output"": ""{\""community_id\"": 211, \""dominant_experience_level\"": \""mid\"", \""entry_accessibility\"": \""moderate_entry_barrier\"", \""community_label\"": \""Ecommerce Marketing & Sales\"", \""defining_skills\"": [\""account management\"", \""marketing\"", \""ecommerce\""], \""defining_responsibility_signals\"": [\""leadership\"", \""bachelor_degree\""] , \""confidence\"": \""high\""}""}, {""community_id"": 211, ""dominant_experience_level"": ""mid"", ""entry_accessibility"": ""moderate_entry_barrier"", ""community_label"": ""Ecommerce Marketing"", ""defining_skills"": [""Marketing"", ""Ecommerce"", ""Sales""], ""defining_responsibility_signals"": [""Account Management"", ""Retention Marketing""], ""confidence"": ""high"", ""rep_rank"": 2, ""attempt"": 1, ""raw_output"": ""{\""community_id\"": 211, \""dominant_experience_level\"": \""mid\"", \""entry_accessibility\"": \""moderate_entry_barrier\"", \""community_label\"": \""Ecommerce Marketing\"", \""defining_skills\"": [\""Marketing\"", \""Ecommerce\"", \""Sales\""], \""defining_responsibility_signals\"": [\""Account Management\"", \""Retention Marketing\""] , \""confidence\"": \""high\""}""}, {""community_id"": 211, ""dominant_experience_level"": ""mid"", ""entry_accessibility"": ""moderate_entry_barrier"", ""community_label"": ""Ecommerce Marketing"", ""defining_skills"": [""digital marketing"", ""ecommerce"", ""business development""], ""defining_responsibility_signals"": [""leadership"", ""strategy""], ""confidence"": ""high"", ""rep_rank"": 3, ""attempt"": 1, ""raw_output"": ""{\""community_id\"": 211, \""dominant_experience_level\"": \""mid\"", \""entry_accessibility\"": \""moderate_entry_barrier\"", \""community_label\"": \""Ecommerce Marketing\"", \""defining_skills\"": [\""digital marketing\"", \""ecommerce\"", \""business development\""], \""defining_responsibility_signals\"": [\""leadership\"", \""strategy\""] , \""confidence\"": \""high\""}""}]",9
212,48,junior,moderate_entry_barrier,Patient Access Representative,"['medical', 'clinical', 'patient']","['registration', 'admission']",high,1.0,1.0,0.667,0.889,3,"medical, representative, prn, patient, assistant, clinic, days, clinical, access, office, specialist, operations","[{""community_id"": 212, ""dominant_experience_level"": ""junior"", ""entry_accessibility"": ""moderate_entry_barrier"", ""community_label"": ""Medical Office Assistant"", ""defining_skills"": [""patient registration"", ""clinic clerical tasks"", ""communication""], ""defining_responsibility_signals"": [""clinical access"", ""office operations""], ""confidence"": ""high"", ""rep_rank"": 1, ""attempt"": 1, ""raw_output"": ""{\""community_id\"": 212, \""dominant_experience_level\"": \""junior\"", \""entry_accessibility\"": \""moderate_entry_barrier\"", \""community_label\"": \""Medical Office Assistant\"", \""defining_skills\"": [\""patient registration\"", \""clinic clerical tasks\"", \""communication\""], \""defining_responsibility_signals\"": [\""clinical access\"", \""office operations\""] , \""confidence\"": \""high\""}""}, {""community_id"": 212, ""dominant_experience_level"": ""junior"", ""entry_accessibility"": ""moderate_entry_barrier"", ""community_label"": ""Patient Access Representative"", ""defining_skills"": [""medical"", ""clinical"", ""patient""], ""defining_responsibility_signals"": [""registration"", ""admission""], ""confidence"": ""high"", ""rep_rank"": 2, ""attempt"": 1, ""raw_output"": ""{\""community_id\"": 212, \""dominant_experience_level\"": \""junior\"", \""entry_accessibility\"": \""moderate_entry_barrier\"", \""community_label\"": \""Patient Access Representative\"", \""defining_skills\"": [\""medical\"", \""clinical\"", \""patient\""], \""defining_responsibility_signals\"": [\""registration\"", \""admission\""] , \""confidence\"": \""high\""}""}, {""community_id"": 212, ""dominant_experience_level"": ""junior"", ""entry_accessibility"": ""moderate_entry_barrier"", ""community_label"": ""Patient Access Representative"", ""defining_skills"": [""medical"", ""clinical"", ""patient""], ""defining_responsibility_signals"": [""registration"", ""admission""], ""confidence"": ""high"", ""rep_rank"": 3, ""attempt"": 1, ""raw_output"": ""{\""community_id\"": 212, \""dominant_experience_level\"": \""junior\"", \""entry_accessibility\"": \""moderate_entry_barrier\"", \""community_label\"": \""Patient Access Representative\"", \""defining_skills\"": [\""medical\"", \""clinical\"", \""patient\""], \""defining_responsibility_signals\"": [\""registration\"", \""admission\""] , \""confidence\"": \""high\""}""}]",9
213,48,mid,moderate_entry_barrier,Materials Management,"['logistics', 'supply chain', 'stockroom management']","['team leadership', 'shift supervision']",high,1.0,1.0,0.667,0.889,3,"material, handler, materials, manager, shift, operator, team, supervisor, logistics, heavy, equipment, lead","[{""community_id"": 213, ""dominant_experience_level"": ""mid"", ""entry_accessibility"": ""moderate_entry_barrier"", ""community_label"": ""Materials Management"", ""defining_skills"": [""supply chain"", ""stockroom management"", ""operational planning""], ""defining_responsibility_signals"": [""leadership"", ""personnel development""], ""confidence"": ""high"", ""rep_rank"": 1, ""attempt"": 1, ""raw_output"": ""{\""community_id\"": 213, \""dominant_experience_level\"": \""mid\"", \""entry_accessibility\"": \""moderate_entry_barrier\"", \""community_label\"": \""Materials Management\"", \""defining_skills\"": [\""supply chain\"", \""stockroom management\"", \""operational planning\""], \""defining_responsibility_signals\"": [\""leadership\"", \""personnel development\""] , \""confidence\"": \""high\""}""}, {""community_id"": 213, ""dominant_experience_level"": ""mid"", ""entry_accessibility"": ""moderate_entry_barrier"", ""community_label"": ""Materials Management"", ""defining_skills"": [""materials handling"", ""logistics"", ""heavy equipment operation""], ""defining_responsibility_signals"": [""team leadership"", ""shift supervision""], ""confidence"": ""high"", ""rep_rank"": 2, ""attempt"": 1, ""raw_output"": ""{\""community_id\"": 213, \""dominant_experience_level\"": \""mid\"", \""entry_accessibility\"": \""moderate_entry_barrier\"", \""community_label\"": \""Materials Management\"", \""defining_skills\"": [\""materials handling\"", \""logistics\"", \""heavy equipment operation\""], \""defining_responsibility_signals\"": [\""team leadership\"", \""shift supervision\""] , \""confidence\"": \""high\""}""}, {""community_id"": 213, ""dominant_experience_level"": ""mid"", ""entry_accessibility"": ""moderate_entry_barrier"", ""community_label"": ""Material Handler"", ""defining_skills"": [""material handling"", ""equipment operation"", ""logistics""], ""defining_responsibility_signals"": [""team leadership"", ""shift supervision""], ""confidence"": ""high"", ""rep_rank"": 3, ""attempt"": 1, ""raw_output"": ""{\""community_id\"": 213, \""dominant_experience_level\"": \""mid\"", \""entry_accessibility\"": \""moderate_entry_barrier\"", \""community_label\"": \""Material Handler\"", \""defining_skills\"": [\""material handling\"", \""equipment operation\"", \""logistics\""], \""defining_responsibility_signals\"": [\""team leadership\"", \""shift supervision\""] , \""confidence\"": \""high\""}""}]",9
214,48,mid,moderate_entry_barrier,Business Development & Sales Leadership,"['strategic planning', 'business development', 'sales leadership']","['leadership', 'strategic decision making']",high,1.0,1.0,0.333,0.778,3,"account, executive, manager, business, strategic, leader, director, development, sales, lead, specialist, corporate","[{""community_id"": 214, ""dominant_experience_level"": ""mid"", ""entry_accessibility"": ""moderate_entry_barrier"", ""community_label"": ""Business Development & Sales Leadership"", ""defining_skills"": [""strategic planning"", ""business development"", ""sales leadership""], ""defining_responsibility_signals"": [""leadership"", ""strategic decision making""], ""confidence"": ""high"", ""rep_rank"": 1, ""attempt"": 1, ""raw_output"": ""{\""community_id\"": 214, \""dominant_experience_level\"": \""mid\"", \""entry_accessibility\"": \""moderate_entry_barrier\"", \""community_label\"": \""Business Development & Sales Leadership\"", \""defining_skills\"": [\""strategic planning\"", \""business development\"", \""sales leadership\""], \""defining_responsibility_signals\"": [\""leadership\"", \""strategic decision making\""] , \""confidence\"": \""high\""}""}, {""community_id"": 214, ""dominant_experience_level"": ""mid"", ""entry_accessibility"": ""moderate_entry_barrier"", ""community_label"": ""Corporate Business Development"", ""defining_skills"": [""strategic planning"", ""business development"", ""sales leadership""], ""defining_responsibility_signals"": [""leadership"", ""strategic decision making""], ""confidence"": ""high"", ""rep_rank"": 2, ""attempt"": 1, ""raw_output"": ""{\""community_id\"": 214, \""dominant_experience_level\"": \""mid\"", \""entry_accessibility\"": \""moderate_entry_barrier\"", \""community_label\"": \""Corporate Business Development\"", \""defining_skills\"": [\""strategic planning\"", \""business development\"", \""sales leadership\""], \""defining_responsibility_signals\"": [\""leadership\"", \""strategic decision making\""] , \""confidence\"": \""high\""}""}, {""community_id"": 214, ""dominant_experience_level"": ""mid"", ""entry_accessibility"": ""moderate_entry_barrier"", ""community_label"": ""Business & Strategic Leadership"", ""defining_skills"": [""strategic_planning"", ""business_development"", ""sales_leadership""], ""defining_responsibility_signals"": [""lead_team"", ""develop_strategy""], ""confidence"": ""high"", ""rep_rank"": 3, ""attempt"": 1, ""raw_output"": ""{\""community_id\"": 214, \""dominant_experience_level\"": \""mid\"", \""entry_accessibility\"": \""moderate_entry_barrier\"", \""community_label\"": \""Business & Strategic Leadership\"", \""defining_skills\"": [\""strategic_planning\"", \""business_development\"", \""sales_leadership\""], \""defining_responsibility_signals\"": [\""lead_team\"", \""develop_strategy\""] , \""confidence\"": \""high\""}""}]",9
215,48,junior,moderate_entry_barrier,Food Service Assistant,"['teamwork', 'food preparation', 'customer service']","['weekend availability', 'grow with the company']",high,1.0,1.0,0.667,0.889,3,"food, service, dietary, aide, worker, team, member, assistant, server, manager, deli, work","[{""community_id"": 215, ""dominant_experience_level"": ""junior"", ""entry_accessibility"": ""moderate_entry_barrier"", ""community_label"": ""Food Service Assistant"", ""defining_skills"": [""food preparation"", ""customer service"", ""teamwork""], ""defining_responsibility_signals"": [""weekend availability"", ""grow with the company""], ""confidence"": ""high"", ""rep_rank"": 1, ""attempt"": 1, ""raw_output"": ""{\""community_id\"": 215, \""dominant_experience_level\"": \""junior\"", \""entry_accessibility\"": \""moderate_entry_barrier\"", \""community_label\"": \""Food Service Assistant\"", \""defining_skills\"": [\""food preparation\"", \""customer service\"", \""teamwork\""], \""defining_responsibility_signals\"": [\""weekend availability\"", \""grow with the company\""] , \""confidence\"": \""high\""}""}, {""community_id"": 215, ""dominant_experience_level"": ""junior"", ""entry_accessibility"": ""moderate_entry_barrier"", ""community_label"": ""Food Service"", ""defining_skills"": [""food_preparation"", ""customer_service"", ""teamwork""], ""defining_responsibility_signals"": [""assist_in_meal_preparation"", ""serve_customers""], ""confidence"": ""high"", ""rep_rank"": 2, ""attempt"": 1, ""raw_output"": ""{\""community_id\"": 215, \""dominant_experience_level\"": \""junior\"", \""entry_accessibility\"": \""moderate_entry_barrier\"", \""community_label\"": \""Food Service\"", \""defining_skills\"": [\""food_preparation\"", \""customer_service\"", \""teamwork\""], \""defining_responsibility_signals\"": [\""assist_in_meal_preparation\"", \""serve_customers\""] , \""confidence\"": \""high\""}""}, {""community_id"": 215, ""dominant_experience_level"": ""junior"", ""entry_accessibility"": ""moderate_entry_barrier"", ""community_label"": ""Food Service Assistant"", ""defining_skills"": [""food preparation"", ""dietary restrictions"", ""teamwork""], ""defining_responsibility_signals"": [""assist in meal preparation"", ""serve customers""], ""confidence"": ""high"", ""rep_rank"": 3, ""attempt"": 1, ""raw_output"": ""{\""community_id\"": 215, \""dominant_experience_level\"": \""junior\"", \""entry_accessibility\"": \""moderate_entry_barrier\"", \""community_label\"": \""Food Service Assistant\"", \""defining_skills\"": [\""food preparation\"", \""dietary restrictions\"", \""teamwork\""], \""defining_responsibility_signals\"": [\""assist in meal preparation\"", \""serve customers\""] , \""confidence\"": \""high\""}""}]",9
216,48,junior,moderate_entry_barrier,Digital Marketing Specialist,"['sales', 'digital marketing', 'customer service']","['remote work', 'self-management']",high,1.0,1.0,0.333,0.778,3,"sales, digital, marketing, representative, specialist, customer, service, manager, inside, work, yelp, application","[{""community_id"": 216, ""dominant_experience_level"": ""junior"", ""entry_accessibility"": ""moderate_entry_barrier"", ""community_label"": ""Digital Marketing Specialist"", ""defining_skills"": [""sales"", ""digital marketing"", ""customer service""], ""defining_responsibility_signals"": [""remote work"", ""self-management""], ""confidence"": ""high"", ""rep_rank"": 1, ""attempt"": 1, ""raw_output"": ""{\""community_id\"": 216, \""dominant_experience_level\"": \""junior\"", \""entry_accessibility\"": \""moderate_entry_barrier\"", \""community_label\"": \""Digital Marketing Specialist\"", \""defining_skills\"": [\""sales\"", \""digital marketing\"", \""customer service\""], \""defining_responsibility_signals\"": [\""remote work\"", \""self-management\""] , \""confidence\"": \""high\""}""}, {""community_id"": 216, ""dominant_experience_level"": ""junior"", ""entry_accessibility"": ""moderate_entry_barrier"", ""community_label"": ""Digital Marketing"", ""defining_skills"": [""sales"", ""digital marketing"", ""customer service""], ""defining_responsibility_signals"": [""representative"", ""specialist""], ""confidence"": ""high"", ""rep_rank"": 2, ""attempt"": 1, ""raw_output"": ""{\""community_id\"": 216, \""dominant_experience_level\"": \""junior\"", \""entry_accessibility\"": \""moderate_entry_barrier\"", \""community_label\"": \""Digital Marketing\"", \""defining_skills\"": [\""sales\"", \""digital marketing\"", \""customer service\""], \""defining_responsibility_signals\"": [\""representative\"", \""specialist\""] , \""confidence\"": \""high\""}""}, {""community_id"": 216, ""dominant_experience_level"": ""junior"", ""entry_accessibility"": ""moderate_entry_barrier"", ""community_label"": ""Customer Service Representative"", ""defining_skills"": [""sales"", ""digital marketing"", ""customer service""], ""defining_responsibility_signals"": [""remote work"", ""career advancement""], ""confidence"": ""high"", ""rep_rank"": 3, ""attempt"": 1, ""raw_output"": ""{\""community_id\"": 216, \""dominant_experience_level\"": \""junior\"", \""entry_accessibility\"": \""moderate_entry_barrier\"", \""community_label\"": \""Customer Service Representative\"", \""defining_skills\"": [\""sales\"", \""digital marketing\"", \""customer service\""], \""defining_responsibility_signals\"": [\""remote work\"", \""career advancement\""] , \""confidence\"": \""high\""}""}]",9
217,48,mid,moderate_entry_barrier,EHS Management,"['safety', 'health', 'environmental']","['manage safety policies', 'inspect facilities']",high,1.0,1.0,0.333,0.778,3,"safety, health, manager, environmental, ehs, specialist, environment, coordinator, supervisor, senior, shift, lead","[{""community_id"": 217, ""dominant_experience_level"": ""mid"", ""entry_accessibility"": ""moderate_entry_barrier"", ""community_label"": ""EHS Management"", ""defining_skills"": [""safety"", ""health"", ""environmental""], ""defining_responsibility_signals"": [""manage safety policies"", ""inspect facilities""], ""confidence"": ""high"", ""rep_rank"": 1, ""attempt"": 1, ""raw_output"": ""{\""community_id\"": 217, \""dominant_experience_level\"": \""mid\"", \""entry_accessibility\"": \""moderate_entry_barrier\"", \""community_label\"": \""EHS Management\"", \""defining_skills\"": [\""safety\"", \""health\"", \""environmental\""], \""defining_responsibility_signals\"": [\""manage safety policies\"", \""inspect facilities\""] , \""confidence\"": \""high\""}""}, {""community_id"": 217, ""dominant_experience_level"": ""mid"", ""entry_accessibility"": ""moderate_entry_barrier"", ""community_label"": ""Safety & Environmental Management"", ""defining_skills"": [""Safety Programs"", ""Environmental Management"", ""Leadership""], ""defining_responsibility_signals"": [""Implement Safety Programs"", ""Drive Business Improvements""], ""confidence"": ""high"", ""rep_rank"": 2, ""attempt"": 1, ""raw_output"": ""{\""community_id\"": 217, \""dominant_experience_level\"": \""mid\"", \""entry_accessibility\"": \""moderate_entry_barrier\"", \""community_label\"": \""Safety & Environmental Management\"", \""defining_skills\"": [\""Safety Programs\"", \""Environmental Management\"", \""Leadership\""], \""defining_responsibility_signals\"": [\""Implement Safety Programs\"", \""Drive Business Improvements\""] , \""confidence\"": \""high\""}""}, {""community_id"": 217, ""dominant_experience_level"": ""mid"", ""entry_accessibility"": ""moderate_entry_barrier"", ""community_label"": ""Health & Safety Specialist"", ""defining_skills"": [""safety"", ""health"", ""environmental""], ""defining_responsibility_signals"": [""manager"", ""coordinator""], ""confidence"": ""high"", ""rep_rank"": 3, ""attempt"": 1, ""raw_output"": ""{\""community_id\"": 217, \""dominant_experience_level\"": \""mid\"", \""entry_accessibility\"": \""moderate_entry_barrier\"", \""community_label\"": \""Health & Safety Specialist\"", \""defining_skills\"": [\""safety\"", \""health\"", \""environmental\""], \""defining_responsibility_signals\"": [\""manager\"", \""coordinator\""] , \""confidence\"": \""high\""}""}]",9
218,47,mid,moderate_entry_barrier,Account Management,"['account management', 'sales', 'consultative_sales']","['securing_customers', 'nurturing_customers']",high,1.0,1.0,0.667,0.889,3,"account, manager, senior, accounting, executive, corporate, tax, accountant, accounts, sales, private, consulting","[{""community_id"": 218, ""dominant_experience_level"": ""mid"", ""entry_accessibility"": ""moderate_entry_barrier"", ""community_label"": ""Account Management"", ""defining_skills"": [""consultative_sales"", ""relationship_building"", ""customer_problem_solving""], ""defining_responsibility_signals"": [""securing_customers"", ""nurturing_customers""], ""confidence"": ""high"", ""rep_rank"": 1, ""attempt"": 1, ""raw_output"": ""{\""community_id\"": 218, \""dominant_experience_level\"": \""mid\"", \""entry_accessibility\"": \""moderate_entry_barrier\"", \""community_label\"": \""Account Management\"", \""defining_skills\"": [\""consultative_sales\"", \""relationship_building\"", \""customer_problem_solving\""], \""defining_responsibility_signals\"": [\""securing_customers\"", \""nurturing_customers\""] , \""confidence\"": \""high\""}""}, {""community_id"": 218, ""dominant_experience_level"": ""mid"", ""entry_accessibility"": ""moderate_entry_barrier"", ""community_label"": ""Sales & Account Management in Accounting"", ""defining_skills"": [""account management"", ""sales"", ""client management""], ""defining_responsibility_signals"": [""client-facing"", ""leadership""], ""confidence"": ""high"", ""rep_rank"": 2, ""attempt"": 1, ""raw_output"": ""{\""community_id\"": 218, \""dominant_experience_level\"": \""mid\"", \""entry_accessibility\"": \""moderate_entry_barrier\"", \""community_label\"": \""Sales & Account Management in Accounting\"", \""defining_skills\"": [\""account management\"", \""sales\"", \""client management\""], \""defining_responsibility_signals\"": [\""client-facing\"", \""leadership\""] , \""confidence\"": \""high\""}""}, {""community_id"": 218, ""dominant_experience_level"": ""mid"", ""entry_accessibility"": ""moderate_entry_barrier"", ""community_label"": ""Account Management"", ""defining_skills"": [""account management"", ""sales"", ""relationship building""], ""defining_responsibility_signals"": [""drive new business opportunities"", ""collaborate with cross-functional teams""], ""confidence"": ""high"", ""rep_rank"": 3, ""attempt"": 1, ""raw_output"": ""{\""community_id\"": 218, \""dominant_experience_level\"": \""mid\"", \""entry_accessibility\"": \""moderate_entry_barrier\"", \""community_label\"": \""Account Management\"", \""defining_skills\"": [\""account management\"", \""sales\"", \""relationship building\""], \""defining_responsibility_signals\"": [\""drive new business opportunities\"", \""collaborate with cross-functional teams\""] , \""confidence\"": \""high\""}""}]",9
219,47,junior,moderate_entry_barrier,Customer Service,"['customer service', 'communication', 'client interaction']","['handle customer inquiries', 'provide product information']",high,1.0,1.0,1.0,1.0,3,"customer, service, representative, services, client, specialist, business, office, experience, coordinator, senior, stock","[{""community_id"": 219, ""dominant_experience_level"": ""junior"", ""entry_accessibility"": ""moderate_entry_barrier"", ""community_label"": ""Customer Service"", ""defining_skills"": [""customer service"", ""client interaction"", ""product knowledge""], ""defining_responsibility_signals"": [""handle customer inquiries"", ""provide product information""], ""confidence"": ""high"", ""rep_rank"": 1, ""attempt"": 1, ""raw_output"": ""{\""community_id\"": 219, \""dominant_experience_level\"": \""junior\"", \""entry_accessibility\"": \""moderate_entry_barrier\"", \""community_label\"": \""Customer Service\"", \""defining_skills\"": [\""customer service\"", \""client interaction\"", \""product knowledge\""], \""defining_responsibility_signals\"": [\""handle customer inquiries\"", \""provide product information\""] , \""confidence\"": \""high\""}""}, {""community_id"": 219, ""dominant_experience_level"": ""junior"", ""entry_accessibility"": ""moderate_entry_barrier"", ""community_label"": ""Customer Service"", ""defining_skills"": [""customer service"", ""communication"", ""customer experience""], ""defining_responsibility_signals"": [""customer communication"", ""repair process""], ""confidence"": ""high"", ""rep_rank"": 2, ""attempt"": 1, ""raw_output"": ""{\""community_id\"": 219, \""dominant_experience_level\"": \""junior\"", \""entry_accessibility\"": \""moderate_entry_barrier\"", \""community_label\"": \""Customer Service\"", \""defining_skills\"": [\""customer service\"", \""communication\"", \""customer experience\""], \""defining_responsibility_signals\"": [\""customer communication\"", \""repair process\""] , \""confidence\"": \""high\""}""}, {""community_id"": 219, ""dominant_experience_level"": ""junior"", ""entry_accessibility"": ""moderate_entry_barrier"", ""community_label"": ""Customer Service"", ""defining_skills"": [""customer service"", ""client handling"", ""communication""], ""defining_responsibility_signals"": [""customer support"", ""voice of customer""], ""confidence"": ""high"", ""rep_rank"": 3, ""attempt"": 1, ""raw_output"": ""{\""community_id\"": 219, \""dominant_experience_level\"": \""junior\"", \""entry_accessibility\"": \""moderate_entry_barrier\"", \""community_label\"": \""Customer Service\"", \""defining_skills\"": [\""customer service\"", \""client handling\"", \""communication\""], \""defining_responsibility_signals\"": [\""customer support\"", \""voice of customer\""] , \""confidence\"": \""high\""}""}]",9
220,47,mid,moderate_entry_barrier,Financial Analysts,"['financial analysis', 'investment banking', 'wealth management']","['transition planning', 'client engagement']",high,1.0,1.0,0.667,0.889,3,"analyst, financial, senior, finance, manager, iii, services, audit, nyc, hoboken, philadelphia, mclean","[{""community_id"": 220, ""dominant_experience_level"": ""mid"", ""entry_accessibility"": ""moderate_entry_barrier"", ""community_label"": ""Financial Analysts"", ""defining_skills"": [""financial analysis"", ""investment banking"", ""wealth management""], ""defining_responsibility_signals"": [""transition planning"", ""client engagement""], ""confidence"": ""high"", ""rep_rank"": 1, ""attempt"": 1, ""raw_output"": ""{\""community_id\"": 220, \""dominant_experience_level\"": \""mid\"", \""entry_accessibility\"": \""moderate_entry_barrier\"", \""community_label\"": \""Financial Analysts\"", \""defining_skills\"": [\""financial analysis\"", \""investment banking\"", \""wealth management\""], \""defining_responsibility_signals\"": [\""transition planning\"", \""client engagement\""] , \""confidence\"": \""high\""}""}, {""community_id"": 220, ""dominant_experience_level"": ""mid"", ""entry_accessibility"": ""moderate_entry_barrier"", ""community_label"": ""Senior Financial Analysts"", ""defining_skills"": [""Financial Planning & Analysis"", ""Precision Guidance & Sensing Solutions"", ""Product Line Support""], ""defining_responsibility_signals"": [""Business Partner"", ""Trusted Advisor""], ""confidence"": ""high"", ""rep_rank"": 2, ""attempt"": 1, ""raw_output"": ""{\""community_id\"": 220, \""dominant_experience_level\"": \""mid\"", \""entry_accessibility\"": \""moderate_entry_barrier\"", \""community_label\"": \""Senior Financial Analysts\"", \""defining_skills\"": [\""Financial Planning & Analysis\"", \""Precision Guidance & Sensing Solutions\"", \""Product Line Support\""], \""defining_responsibility_signals\"": [\""Business Partner\"", \""Trusted Advisor\""] , \""confidence\"": \""high\""}""}, {""community_id"": 220, ""dominant_experience_level"": ""mid"", ""entry_accessibility"": ""moderate_entry_barrier"", ""community_label"": ""Financial Analysts"", ""defining_skills"": [""financial analysis"", ""audit"", ""finance management""], ""defining_responsibility_signals"": [""leadership"", ""problem solving""], ""confidence"": ""high"", ""rep_rank"": 3, ""attempt"": 1, ""raw_output"": ""{\""community_id\"": 220, \""dominant_experience_level\"": \""mid\"", \""entry_accessibility\"": \""moderate_entry_barrier\"", \""community_label\"": \""Financial Analysts\"", \""defining_skills\"": [\""financial analysis\"", \""audit\"", \""finance management\""], \""defining_responsibility_signals\"": [\""leadership\"", \""problem solving\""] , \""confidence\"": \""high\""}""}]",9
221,47,mid,moderate_entry_barrier,IAM Business Systems Analyst,"['IAM', 'Business Analysis', 'Systems Analysis']","['Identity & Access Management', 'Privileged Access Management']",high,1.0,1.0,0.667,0.889,3,"analyst, business, iam, systems, senior, hiring, asap, quality, software, application, information, technology","[{""community_id"": 221, ""dominant_experience_level"": ""mid"", ""entry_accessibility"": ""moderate_entry_barrier"", ""community_label"": ""Business Analyst"", ""defining_skills"": [""CRM"", ""CPQ"", ""CLM""], ""defining_responsibility_signals"": [""implementation"", ""licensing""], ""confidence"": ""high"", ""rep_rank"": 1, ""attempt"": 1, ""raw_output"": ""{\""community_id\"": 221, \""dominant_experience_level\"": \""mid\"", \""entry_accessibility\"": \""moderate_entry_barrier\"", \""community_label\"": \""Business Analyst\"", \""defining_skills\"": [\""CRM\"", \""CPQ\"", \""CLM\""], \""defining_responsibility_signals\"": [\""implementation\"", \""licensing\""] , \""confidence\"": \""high\""}""}, {""community_id"": 221, ""dominant_experience_level"": ""mid"", ""entry_accessibility"": ""moderate_entry_barrier"", ""community_label"": ""IAM Business Systems Analyst"", ""defining_skills"": [""IAM"", ""Business Analysis"", ""Systems Analysis""], ""defining_responsibility_signals"": [""Identity & Access Management"", ""Privileged Access Management""], ""confidence"": ""high"", ""rep_rank"": 2, ""attempt"": 1, ""raw_output"": ""{\""community_id\"": 221, \""dominant_experience_level\"": \""mid\"", \""entry_accessibility\"": \""moderate_entry_barrier\"", \""community_label\"": \""IAM Business Systems Analyst\"", \""defining_skills\"": [\""IAM\"", \""Business Analysis\"", \""Systems Analysis\""], \""defining_responsibility_signals\"": [\""Identity & Access Management\"", \""Privileged Access Management\""] , \""confidence\"": \""high\""}""}, {""community_id"": 221, ""dominant_experience_level"": ""mid"", ""entry_accessibility"": ""moderate_entry_barrier"", ""community_label"": ""IAM Business Systems Analyst"", ""defining_skills"": [""IAM"", ""Business Analysis"", ""Systems Analysis""], ""defining_responsibility_signals"": [""Identity & Access Management"", ""Privileged Access Management""], ""confidence"": ""high"", ""rep_rank"": 3, ""attempt"": 1, ""raw_output"": ""{\""community_id\"": 221, \""dominant_experience_level\"": \""mid\"", \""entry_accessibility\"": \""moderate_entry_barrier\"", \""community_label\"": \""IAM Business Systems Analyst\"", \""defining_skills\"": [\""IAM\"", \""Business Analysis\"", \""Systems Analysis\""], \""defining_responsibility_signals\"": [\""Identity & Access Management\"", \""Privileged Access Management\""] , \""confidence\"": \""high\""}""}]",9
222,47,junior,moderate_entry_barrier,Medical Support,"['reception', 'medical_billing', 'insurance verification']","['verification', 'patient interaction']",high,1.0,1.0,1.0,1.0,3,"medical, specialist, patient, care, assistant, physician, medicine, receptionist, center, coordinator, surgery, family","[{""community_id"": 222, ""dominant_experience_level"": ""junior"", ""entry_accessibility"": ""moderate_entry_barrier"", ""community_label"": ""Medical Support"", ""defining_skills"": [""insurance verification"", ""patient care"", ""reception""], ""defining_responsibility_signals"": [""verification"", ""patient interaction""], ""confidence"": ""high"", ""rep_rank"": 1, ""attempt"": 1, ""raw_output"": ""{\""community_id\"": 222, \""dominant_experience_level\"": \""junior\"", \""entry_accessibility\"": \""moderate_entry_barrier\"", \""community_label\"": \""Medical Support\"", \""defining_skills\"": [\""insurance verification\"", \""patient care\"", \""reception\""], \""defining_responsibility_signals\"": [\""verification\"", \""patient interaction\""] , \""confidence\"": \""high\""}""}, {""community_id"": 222, ""dominant_experience_level"": ""junior"", ""entry_accessibility"": ""moderate_entry_barrier"", ""community_label"": ""Medical Support"", ""defining_skills"": [""medical_billing"", ""patient_care"", ""reception""], ""defining_responsibility_signals"": [""billing"", ""patient_interaction""], ""confidence"": ""high"", ""rep_rank"": 2, ""attempt"": 1, ""raw_output"": ""{\""community_id\"": 222, \""dominant_experience_level\"": \""junior\"", \""entry_accessibility\"": \""moderate_entry_barrier\"", \""community_label\"": \""Medical Support\"", \""defining_skills\"": [\""medical_billing\"", \""patient_care\"", \""reception\""], \""defining_responsibility_signals\"": [\""billing\"", \""patient_interaction\""] , \""confidence\"": \""high\""}""}, {""community_id"": 222, ""dominant_experience_level"": ""junior"", ""entry_accessibility"": ""moderate_entry_barrier"", ""community_label"": ""Medical Support"", ""defining_skills"": [""medical_billing"", ""credentialing"", ""insurance""], ""defining_responsibility_signals"": [""ensure_accuracy"", ""timely_processing""], ""confidence"": ""high"", ""rep_rank"": 3, ""attempt"": 1, ""raw_output"": ""{\""community_id\"": 222, \""dominant_experience_level\"": \""junior\"", \""entry_accessibility\"": \""moderate_entry_barrier\"", \""community_label\"": \""Medical Support\"", \""defining_skills\"": [\""medical_billing\"", \""credentialing\"", \""insurance\""], \""defining_responsibility_signals\"": [\""ensure_accuracy\"", \""timely_processing\""] , \""confidence\"": \""high\""}""}]",9
223,47,junior,moderate_entry_barrier,Welding,"['TIG welding', 'MIG welding', 'structural welding']","['fabricates', 'assembles']",high,1.0,1.0,0.333,0.778,3,"welder, shift, tig, 1st, mig, welding, weld, structural, 2nd, engineer, construction, instructor","[{""community_id"": 223, ""dominant_experience_level"": ""junior"", ""entry_accessibility"": ""moderate_entry_barrier"", ""community_label"": ""Welding"", ""defining_skills"": [""TIG welding"", ""MIG welding"", ""structural welding""], ""defining_responsibility_signals"": [""fabricates"", ""assembles""], ""confidence"": ""high"", ""rep_rank"": 1, ""attempt"": 1, ""raw_output"": ""{\""community_id\"": 223, \""dominant_experience_level\"": \""junior\"", \""entry_accessibility\"": \""moderate_entry_barrier\"", \""community_label\"": \""Welding\"", \""defining_skills\"": [\""TIG welding\"", \""MIG welding\"", \""structural welding\""], \""defining_responsibility_signals\"": [\""fabricates\"", \""assembles\""] , \""confidence\"": \""high\""}""}, {""community_id"": 223, ""dominant_experience_level"": ""junior"", ""entry_accessibility"": ""moderate_entry_barrier"", ""community_label"": ""Welding Engineer"", ""defining_skills"": [""TIG welding"", ""MIG welding"", ""structural welding""], ""defining_responsibility_signals"": [""shift work"", ""instructor role""], ""confidence"": ""high"", ""rep_rank"": 2, ""attempt"": 1, ""raw_output"": ""{\""community_id\"": 223, \""dominant_experience_level\"": \""junior\"", \""entry_accessibility\"": \""moderate_entry_barrier\"", \""community_label\"": \""Welding Engineer\"", \""defining_skills\"": [\""TIG welding\"", \""MIG welding\"", \""structural welding\""], \""defining_responsibility_signals\"": [\""shift work\"", \""instructor role\""] , \""confidence\"": \""high\""}""}, {""community_id"": 223, ""dominant_experience_level"": ""junior"", ""entry_accessibility"": ""moderate_entry_barrier"", ""community_label"": ""Structural Welder"", ""defining_skills"": [""TIG welding"", ""MIG welding"", ""stick welding (SMAW)""], ""defining_responsibility_signals"": [""Pass weld tests"", ""Weld on various materials and equipment""], ""confidence"": ""high"", ""rep_rank"": 3, ""attempt"": 1, ""raw_output"": ""{\""community_id\"": 223, \""dominant_experience_level\"": \""junior\"", \""entry_accessibility\"": \""moderate_entry_barrier\"", \""community_label\"": \""Structural Welder\"", \""defining_skills\"": [\""TIG welding\"", \""MIG welding\"", \""stick welding (SMAW)\""], \""defining_responsibility_signals\"": [\""Pass weld tests\"", \""Weld on various materials and equipment\""] , \""confidence\"": \""high\""}""}]",9
224,47,mid,moderate_entry_barrier,K-12 Education Teacher,"['Teaching', 'Curriculum Development', 'Classroom Management']","['Teaching Middle/High/Elementary School', 'Special Education Experience']",high,1.0,1.0,0.667,0.889,3,"teacher, school, middle, high, elementary, ela, math, science, special, 2024, education, apprentice","[{""community_id"": 224, ""dominant_experience_level"": ""mid"", ""entry_accessibility"": ""moderate_entry_barrier"", ""community_label"": ""K-12 Education Teacher"", ""defining_skills"": [""Teaching"", ""Curriculum Development"", ""Classroom Management""], ""defining_responsibility_signals"": [""Teaching Middle/High/Elementary School"", ""Special Education Experience""], ""confidence"": ""high"", ""rep_rank"": 1, ""attempt"": 1, ""raw_output"": ""{\""community_id\"": 224, \""dominant_experience_level\"": \""mid\"", \""entry_accessibility\"": \""moderate_entry_barrier\"", \""community_label\"": \""K-12 Education Teacher\"", \""defining_skills\"": [\""Teaching\"", \""Curriculum Development\"", \""Classroom Management\""], \""defining_responsibility_signals\"": [\""Teaching Middle/High/Elementary School\"", \""Special Education Experience\""] , \""confidence\"": \""high\""}""}, {""community_id"": 224, ""dominant_experience_level"": ""mid"", ""entry_accessibility"": ""moderate_entry_barrier"", ""community_label"": ""K-12 Education Teacher"", ""defining_skills"": [""Teaching"", ""Curriculum Development"", ""Classroom Management""], ""defining_responsibility_signals"": [""Educating Students"", ""Curriculum Planning""], ""confidence"": ""high"", ""rep_rank"": 2, ""attempt"": 1, ""raw_output"": ""{\""community_id\"": 224, \""dominant_experience_level\"": \""mid\"", \""entry_accessibility\"": \""moderate_entry_barrier\"", \""community_label\"": \""K-12 Education Teacher\"", \""defining_skills\"": [\""Teaching\"", \""Curriculum Development\"", \""Classroom Management\""], \""defining_responsibility_signals\"": [\""Educating Students\"", \""Curriculum Planning\""] , \""confidence\"": \""high\""}""}, {""community_id"": 224, ""dominant_experience_level"": ""mid"", ""entry_accessibility"": ""moderate_entry_barrier"", ""community_label"": ""Middle School Educators"", ""defining_skills"": [""Teaching"", ""Curriculum Development"", ""Classroom Management""], ""defining_responsibility_signals"": [""Instruction"", ""Assessment & Grading""], ""confidence"": ""high"", ""rep_rank"": 3, ""attempt"": 1, ""raw_output"": ""{\""community_id\"": 224, \""dominant_experience_level\"": \""mid\"", \""entry_accessibility\"": \""moderate_entry_barrier\"", \""community_label\"": \""Middle School Educators\"", \""defining_skills\"": [\""Teaching\"", \""Curriculum Development\"", \""Classroom Management\""], \""defining_responsibility_signals\"": [\""Instruction\"", \""Assessment & Grading\""] , \""confidence\"": \""high\""}""}]",9
